Payment ID,Service ID,Service Name,Amount,User ID,Status,Created At,Email
104780ec-76ec-4c5b-bd7e-4c5eb6449415,classroom_standard,Standard Classroom Plan,100.0,test_user,pending,2025-05-10T19:09:18.873981,test_create_payment@example.com
63ced3d1-daaa-442d-a3a5-6376e2c9cf3d,test_service_info,Test Service Info,150.0,test_user_456,pending,2025-05-10T19:09:18.887959,test_payment_info@example.com
81d74daf-a909-4f4a-9d50-feacbe71fb80,test_service_update,Test Service Update,100.0,test_user,paid,2025-05-10T19:09:18.902552,test_update_status@example.com
bca23a04-f65b-467d-88e5-10e58b1d900b,TEST008,Test Payment Service 8,450.0,user202,pending,2025-05-10T19:09:19.021360,test_apply@example.com
fb1d72e5-63ea-4358-9d03-39ad8d7cd163,TEST009,Test Payment Service 9,500.0,user303,pending,2025-05-10T19:09:19.057624,test_download@example.com
d7ade4b3-ffb1-4dbd-a62f-38ea4ceb4f44,test_process,Test Process Service,200.0,user_process,paid,2025-05-10T19:09:19.113130,test_process@example.com
c67538ca-dce2-41bc-9606-7e57efbdfbc0,test_fail,Test Fail Service,150.0,user_fail,failed,2025-05-10T19:09:19.136296,test_fail@example.com
57f9f82f-2bdb-42ed-bf60-cb89f5f14627,test_export_0,Test Export Service 0,100.0,user_export_0,pending,2025-05-10T19:09:19.158195,test_export_0@example.com
7861d4d2-b6e6-4fa2-a3ec-af87f06323d2,test_export_1,Test Export Service 1,150.0,user_export_1,pending,2025-05-10T19:09:19.165470,test_export_1@example.com
29004e56-8125-49f0-884d-601c081ef61f,test_export_2,Test Export Service 2,200.0,user_export_2,pending,2025-05-10T19:09:19.175826,test_export_2@example.com
